{
  "$schema": "https://raw.githubusercontent.com/grafana/grafana/master/docs/sources/developers/plugins/plugin.schema.json",
  "type": "datasource",
  "name": "Trino",
  "id": "trino-datasource",
  "category": "sql",
  "alerting": true,
  "annotations": false,
  "metrics": true,
  "logs": false,
  "backend": true,
  "executable": "gpx_Trino",
  "info": {
    "description": "The Trino datasource allows to query and visualize Trino data from within Grafana.",
    "author": {
      "name": "Trino",
      "url": "https://trino.io/"
    },
    "keywords": [
      "sql",
      "trino",
      "presto",
      "prestosql",
      "hive",
      "hadoop",
      "query federation",
      "ansii sql",
      "big data"
    ],
    "logos": {
      "small": "img/logo.svg",
      "large": "img/logo.svg"
    },
    "links": [
      {
        "name": "Website",
        "url": "https://github.com/trinodb/grafana-trino"
      },
      {
        "name": "License",
        "url": "https://github.com/trinodb/grafana-trino/blob/master/LICENSE"
      }
    ],
    "screenshots": [
      {
        "name": "Explore",
        "path": "img/explore.png"
      }
    ],
    "version": "1.0.7",
    "updated": "2024-10-07"
  },
  "dependencies": {
    "grafanaDependency": ">=8.3.0",
    "plugins": []
  }
}
